shuffle #1,shuffle #2,shuffle #3,shuffle #4
0.638162753965149,0.6166856645335674,0.5827682626759976,0.576742176894478
0.6409954143109758,0.5984319579169016,0.5911787045144407,0.5751625589478556
